{"fullscreen":true,"width":500,"height":500,"scale":1,"startScene":"main","version":"0.5.0","clearColor":[0.00784313725490196,0.00392156862745098,0.01568627450980392,1]}